﻿<parameters>
  <parameter name="IIS Web Application Name" defaultValue="Philameter" tags="IisApp">
    <parameterEntry kind="ProviderPath" scope="IisApp" match="^C:\\Users\\Andy\\Documents\\GitHub\\Philameter\\philameter\\obj\\Release\\Package\\PackageTmp$" />
    <parameterEntry kind="ProviderPath" scope="setAcl" match="^C:\\Users\\Andy\\Documents\\GitHub\\Philameter\\philameter\\obj\\Release\\Package\\PackageTmp$" />
  </parameter>
  <parameter name="PhilaModel-Web.config Connection String" defaultValue="data source=WIN-L5GN27SO84P;initial catalog=philameter.DAL.Entities.PhilaModel;integrated security=True;MultipleActiveResultSets=True;App=EntityFramework">
    <parameterEntry kind="XmlFile" scope="C:\\Users\\Andy\\Documents\\GitHub\\Philameter\\philameter\\obj\\Release\\Package\\PackageTmp\\Web\.config$" match="/configuration/connectionStrings/add[@name='PhilaModel']/@connectionString" />
  </parameter>
  <parameter name="PhilaModel_DatabasePublish-Web.config Connection String" description="PhilaModel Connection String used by Entity Framework Code First Model to deploy the database." defaultValue="Data Source=WIN-L5GN27SO84P;Initial Catalog=philameter.DAL.Entities.PhilaModel;Integrated Security=True;Application Name=EntityFramework">
    <parameterEntry kind="XmlFile" scope="C:\\Users\\Andy\\Documents\\GitHub\\Philameter\\philameter\\obj\\Release\\Package\\PackageTmp\\Web\.config$" match="/configuration/connectionStrings/add[@name='PhilaModel_DatabasePublish']/@connectionString" />
  </parameter>
</parameters>